<?xml version="1.0" encoding="UTF-8"?>
<wabacus-config xmlns="http://www.wabacus.com" xmlns:xsi="http://www.w3.org/2001/XMLSchema-instance" xsi:schemaLocation="http://www.wabacus.com xsd/wabacus.cfg.xsd">
    <system>
        <item name="webroot" value="/sports/admin"/><!-- 应用的根URL -->
        <item name="webroot-abspath" value=""/>
        <!--
            默认为context.getRealPath("/")获取的值，可以直接配置根路径
        -->
        <item name="showreport-url" value="/ShowReport.wx"/>
        <!--
            显示报表数据的URL，就是在web.xml中配置的<url-pattern/>的值可以带参数
        -->
        <item name="encode" value="UTF-8"/>
        <item name="show-sql" value="true"/><!-- 是否显示执行的SQL语句或存储过程 -->
        <item name="default-cellresize" value="2"/>
        <!--
            指定整个项目中所有单行表头的数据自动列表报表的表格单元格默认可移动性
        -->
        <item name="default-condition-labelposition" value="inner"/>
        <!--
            查询条件提示标签的显示位置
        -->
        <item name="server-validate-class" value=""/>
        <!--
            自己开发的服务器端校验类
        -->
        <item name="skin" value="qq"/><!-- 皮肤样式 -->
        <item name="default-checkpermission" value="true"/>
        <!--
            本应用是否要检查权限，如果在不需要检查权限的应用中关闭它，可以改善性能
        -->
        <item name="prompt-dialog-type" value="ymprompt"/>
        <!--
            提示组件类型 ymprompt;artdialog
        -->
    </system>

    <datasources default="ds_mysql">

        <datasource name="ds_mysql" type="com.wabacus.config.database.datasource.C3P0DataSource" dbtype="com.wabacus.config.database.type.MySql">
            <property name="driver">com.mysql.jdbc.Driver</property>
            <property name="url"><![CDATA[jdbc:mysql://123.57.31.72/sports?useUnicode=true&zeroDateTimeBehavior=convertToNull&characterEncoding=UTF-8]]></property>
            <!--<property name="url"><![CDATA[jdbc:mysql://localhost/sports?useUnicode=true&zeroDateTimeBehavior=convertToNull&characterEncoding=UTF-8]]></property>-->

            <property name="user">root</property>

            <property name="password">{3DES}idRWzxMryPo=</property>
            <property name="max_size">80</property>
            <property name="min_size">5</property>
            <property name="timeout">100</property>
            <property name="max_statements">100</property>
            <property name="idle_test_period">50</property>
            <property name="acquire_increment">2</property>
        </datasource>
    </datasources>

    <inputbox-types/>

    <!-- 配置本项目中所有报表页面都必须包含的js文件 -->
    <global-jsfiles/>

    <!-- 配置本项目中所有报表页面都必须包含的css文件 -->
    <global-cssfiles/>

    <i18n-resources file="resources/i18n/ApplicationResources.xml"/>


    <!-- 注册所有全局资源文件 -->
    <global-resources>
        <resource-file>resources/resources_business_ch.xml</resource-file>
    </global-resources>

    <!-- 注册所有报表配置文件 -->
    <report-files>

        <!-- 用户管理 -->
        <report-file pattern="true">report/user/</report-file>

        <!-- 视频管理 -->
        <report-file pattern="true">report/video/</report-file>

        <!-- 比赛管理 -->
        <report-file pattern="true">report/game/</report-file>

        <!-- 资讯管理 -->
        <report-file pattern="true">report/ad/</report-file>

        <!-- 多账号管理 -->
        <report-file pattern="true">report/account/</report-file>

        <!-- 系统管理 -->
        <report-file pattern="true">report/sys/</report-file>

        <!-- 院系部分 -->
        <report-file pattern="true">report/depMg/</report-file>

        <!-- 团委部分 -->
        <report-file pattern="true">report/schMg/</report-file>


    </report-files>
</wabacus-config>